Ag120,160418280201.83633
Ag120_m1,158242648998.3125
Ag121,933997856607.5461
Ag122,120944533312.30717
Ag122_m1,120611007680.10254
Ag123,99449555342.9826
Ag124,199195335431.74506
Ag125,598912.9805715139
Ag126,170884.51032042943
Ag127,56850.11711761387
Ag128,4480.721644505595
Ag129,1.0389827447067952
Ag130,2374089274.824023
Al31,7.056277026956784e-195
Al32,3.143954218727318e-188
As84,71585948406877.38
As85,44108111441605.945
As86,9177537647763.652
As87,18304650975612.297
As88,44736614479802.31
Ba147,88284886819178.72
Ba148,8034997052687.041
Ba149,373571990479.9961
Ba150,18153961778.148804
Ba151,295782798.9860777
Ba152,5383408.931606987
Ba153,13447.892619292626
Be11,2.7050171759269386e-303
Br87,461309862986634.8
Br88,503252437728524.4
Br89,376906755419452.25
Br90,200346812974207.12
Br91,81009133168593.16
Br92,9685622338732.432
Br93,1109253997899.3945
Br94,59465527654.27553
Cd126,2925149109226.927
Cd127,2950720262911.2036
Cd128,1284615717907.7498
Cd129,294356572.67968875
Cd130,31674875286516.23
Cd131,4934222872423.488
Cd132,21.279350029125983
Ce153,617819144922.028
Ce154,33039280419.167797
Ce155,923118162.7036572
Ce156,20732728.13836287
Ce157,165876.4350831459
Co66,10173959.134226535
Co67,72439657.7900616
Co68,89258166.30134812
Co69,117442182.18431552
Co70,75261132.66654785
Co71,53104605.785196595
Co72,20752513.868234117
Co73,7850145.860974368
Co74,1057213.1575649248
Co75,134718.68392566906
Cr66,802.5294749664856
Cs141,1057511436707424.6
Cs142,825970912263019.9
Cs143,508663396527469.1
Cs144,151363911661653.4
Cs145,27386822277246.19
Cs146,2763763315291.9185
Cs147,808753913257.233
Cs148,4723403916.734766
Cs149,129250062.12262225
Cs150,709367.9746882472
Cs151,3375.6277186363477
Cu73,17081278499.718277
Cu74,24724554352.906372
Cu75,36605433941.78338
Cu76,29990541299.13002
Cu77,16109527142.986279
Cu78,3942979269.8129134
Cu79,6.8736776715467665
Cu80,18944444.105584454
Cu81,0.01570669741836482
Eu165,14030455.339410482
Eu166,907059.3010337364
Eu167,80888.89406416946
F22,6.580672711647617e-243
Fe65,380.88832049804483
Fe66,13612973.906451086
Fe67,24867844.446745727
Fe68,14151839.653755242
Fe69,4389846.634849436
Fe70,1164312.4397797254
Fe71,173029.08594811585
Fe72,2.2470405839479115
Ga79,6203677178785.665
Ga80,4243821106072.7456
Ga81,2963887886340.9897
Ga82,2267848902566.1235
Ga83,69438933062.80815
Ga84,3973915042181.7144
Ga85,209451763.66535285
Ga86,11547551033.54145
Gd169,43121.42031878766
Ge83,17366325766139.965
Ge84,6917329501914.779
Ge85,771500576869.7308
Ge86,225952664046315.88
Ge87,791532423545.3552
Ge88,18613865791.26034
I137,951153558941224.0
I138,516475030087906.94
I139,279699756868709.84
I140,49566397483252.625
I141,14725380059397.889
I142,2115939406359.821
I143,6722953682.843505
I144,563863371.6510502
I145,298472.3588339739
In127,14927246956855.3
In127_m1,2268013305972.4663
In128,4767517006036.003
In128_m1,4762762204711.965
In129,9979919037780.824
In129_m1,9184863026410.078
In130,1341890256125.4229
In130_m1,1137102746825.061
In130_m2,1137102746825.0608
In131,2030307356042.3325
In131_m1,2011505605362.455
In132,2248968526152.604
In133,61693251852.779175
In134,1250768185.630357
In135,2606955.102624322
K48,4.863425518393707e-117
Kr100,369474322.55278873
Kr91,1144701281436916.8
Kr92,601138743003370.4
Kr93,176275690287804.44
Kr94,31359836244907.805
Kr95,2587036507345.0435
Kr96,13566852429838.875
Kr97,10624657483.959124
Kr98,581238034125.2529
Kr99,431276.3143703075
La147,233350022127932.2
La148,121899144922363.16
La149,28948109204523.484
La150,3776447950375.059
La151,372122514189.0679
La152,16397796414.805782
La153,513685598.8158217
La154,5275037.010834172
La155,10652.392396751156
Li9,8.141547816560152e-295
Mn66,257696.00210396733
Mn67,191568.13354857572
Mn68,23422.24335396326
Mn69,2739.3139475556954
Mo109,5623016233901.358
Mo110,1405689466794.3394
Mo111,82304536364.48428
Mo112,3488399119.8165884
Mo113,40068649.44749768
Mo114,1578625.8184196714
Mo115,851.0045235382369
N17,2.05355017347897e-267
N18,1.3008874447754152e-265
Nb103,511341815426544.44
Nb104,103452159972162.12
Nb104_m1,103353470157287.02
Nb105,50321157402028.41
Nb106,5702512073623.512
Nb107,836760935660.7334
Nb108,32494959128.99627
Nb109,174600092667.7786
Nb110,5520808056.219903
Nb111,28712684.775126018
Nb112,892012.3036148159
Nb113,454.4784089848536
Nd158,18810781292.990265
Nd159,641219727.6675885
Nd160,18253068.87338993
Nd161,223013.50719209405
Ni72,2755120897.9497533
Ni73,2583388142.2545953
Ni74,1658978439.350621
Ni75,554098813.4579505
Ni76,181412391.89277384
Ni77,20167284.270304922
Ni78,1809976.5826271123
P36,1.2468317441162514e-168
Pd119,157619494941.58432
Pd120,981161188609.6365
Pd121,17102654433.618261
Pd122,1721436511.0845473
Pd123,144195930.22849917
Pd124,96788331.18096751
Pd125,1.0961974949319838e-08
Pd126,3.0843463307618e-84
Pm159,38422069405.00421
Pm160,2736724668.145192
Pm161,159448823.93632323
Pm162,2459509.101887565
Pm163,65722.24197640421
Pr153,13325159441961.459
Pr154,1820356858331.732
Pr155,243835521071.63876
Pr156,14743584927.171669
Pr157,597551308.2813034
Pr158,13514374.024736015
Pr159,175541.50856494758
Rb100,12396402097373.357
Rb101,556140068.9994259
Rb102,521521.52072381857
Rb91,807089317589290.5
Rb92,1135954548683296.8
Rb93,1112261892684621.5
Rb94,568109072555522.4
Rb95,276381792453782.8
Rb96,60968844094612.79
Rb97,13691201139670.422
Rb98,858713057496.2599
Rb99,16695242752.13863
Rh115,1315113467038.6882
Rh116,314803476722.99255
Rh117,168318938054.31143
Rh118,13122574656.721256
Rh119,671176375.3579819
Rh120,861301883.6241285
Rh121,5192709.355096964
Rh122,102538.52599411296
Rh123,3035.916514939927
Ru114,624953262147.1152
Ru115,93066868744.47491
Ru116,8884123487.20019
Ru117,908081621.4637558
Ru118,24921148.303945187
Ru119,236288.12884928103
Ru120,109255.03782165542
Sb134,129798235812927.7
Sb134_m1,129926501678461.12
Sb135,52614518344907.28
Sb136,4163290287282.627
Sb137,26908148396979.43
Sb138,14145081939.315983
Sb139,504299463.0641851
Se86,303158626743019.44
Se87,265270129171500.22
Se88,97309262685513.31
Se89,17571588967988.857
Se90,4581217508568.089
Se91,240685372640.9445
Sm163,49662387.53518256
Sm164,2189626.7166752354
Sm165,92378.04403360092
Sn133,49921857585746.99
Sn134,6411906908826.389
Sn135,227024765474.32208
Sn136,5674417415.250195
Sn137,6715150804.950099
Sr100,3086999162132.355
Sr101,1615250027631.9172
Sr102,61961450511.891624
Sr103,736844060.0641077
Sr104,46566469.534726545
Sr105,3.26853266456073e-11
Sr96,1293361086747859.2
Sr97,622890745463502.8
Sr98,292715395551614.8
Sr99,48209838390516.24
Tb169,1475495.007837187
Tb170,82187.96261984519
Tb171,10571.846446788455
Tc109,4880461850140.559
Tc110,4221662604374.0747
Tc111,1624284393536.9275
Tc112,248039347642.88263
Tc113,50461199653.706245
Tc114,2527758849.444732
Tc115,32330519.839245632
Tc116,2266608.4452721956
Tc117,313951.49353627
Tc118,210.75325054357052
Te136,477829938392327.06
Te137,142270160314127.62
Te138,23989744224507.934
Te139,2410859979033.0693
Te140,6116533673595.036
Te141,11706764404.083473
Te142,747501643.0896188
Tl209,1.891059998541879e-55
Tl210,2.1517397947144258e-63
Xe141,441992286680167.25
Xe142,157369016373899.16
Xe143,19147472464594.02
Xe144,2192344807514.537
Xe145,25848126458.45996
Xe146,3835385301.077542
Xe147,641141009.5371516
Y100,205565377993902.12
Y101,100649984364887.72
Y102,96964063274366.6
Y103,933265187304.9951
Y104,205013555098.93732
Y105,167724.85335344804
Y106,1.7824911704476172
Y107,0.22132246574440648
Y108,0.0003273253943874071
Y97,570475050014809.9
Y97_m1,569300202865822.5
Y98,401019373042530.9
Y98_m1,401092004535950.8
Y99,706766311624541.5
Zn78,1292190883112.442
Zn79,593909788950.2603
Zn80,87627395971.45013
Zn81,115.06093773453883
Zn82,3852426141.719276
Zn83,22465610.582444705
Zr103,180823768224313.53
Zr104,30006415079804.22
Zr105,41953845630995.54
Zr106,607347189.1981342
Zr107,56173613.84353722
Zr108,111221.37871261986
Zr109,138698148.76218176
Zr110,3339666.1354632615
