Ag120,5237378929.706034
Ag120_m1,180004680.83412996
Ag121,2632884643.3003807
Ag122,230418144.3149252
Ag122_m1,85887852.26885523
Ag123,106227016.01198126
Ag124,122134334.59697515
Ag125,354.300093559117
Ag126,65.34807150834109
Ag127,22.143171327213963
Ag128,0.9351497820974964
Ag129,0.0001726932777188917
Ag130,428158.41325617913
As84,1202067649974.0173
As85,405784910180.738
As86,748532168936.2095
As87,37904608215.0723
As88,17907769213.614155
Ba147,281915821700.5894
Ba148,17465893975.53562
Ba149,456781422.7898784
Ba150,19363505.29022719
Ba151,272496.06131364556
Ba152,4367.936757443792
Ba153,7.574000478645471
Be11,7.46338296781673e-221
Br87,145020991338758.16
Br88,35857642327400.73
Br89,6125977612698.768
Br90,1395235455803.0964
Br91,156075044537.88156
Br92,11825572856.989101
Br93,404744773.28160006
Br94,14941463.559363173
Cd126,5349592423.494451
Cd127,3879549360.1959825
Cd128,1279137795.928576
Cd129,2078310.380177208
Cd130,18289073285.67984
Cd131,1204712558.5925102
Cd132,0.01411633661521455
Ce153,2146996405.6707358
Ce154,90888418.61555432
Ce155,1544237.6202271562
Ce156,27185.486857265507
Ce157,143.29041385913072
Co66,17060.444870636118
Co67,147132.06125954172
Co68,73241.06294275356
Co69,95384.17063244415
Co70,32473.53276982355
Co71,15084.989694754187
Co72,4470.932151749704
Co73,1165.306222055497
Co74,115.71739874860634
Co75,16.655576265538468
Cr66,0.030986539028356932
Cs141,131274041603150.36
Cs142,5877716787948.47
Cs143,3352255469271.333
Cs144,541525615845.39624
Cs145,57128665430.836754
Cs146,3157961838.936007
Cs147,662413915.8941088
Cs148,2459332.585714429
Cs149,23309.78185293328
Cs150,127.93195292534256
Cs151,0.6087822656757524
Cu73,292764422.42170256
Cu74,164026996.00256214
Cu75,161263115.86671314
Cu76,69864169.3236821
Cu77,26850427.196331188
Cu78,4696336.1113489
Cu79,0.00880979990690813
Cu80,11475.642462168451
Cu81,3.05269661157639e-06
Eu165,115189.4185604385
Eu166,1289.0541859329894
Eu167,57.60151294152696
F22,1.2287818874528924e-175
Fe65,81.85655293919545
Fe66,21635.999525045554
Fe67,37042.03094280921
Fe68,9436.999380649577
Fe69,1710.9076095259288
Fe70,391.58725315645455
Fe71,17.712455169639576
Fe72,1.3789639675710506e-05
Ga79,68541949358.973724
Ga80,25743750618.194668
Ga81,12802325630.161068
Ga82,4828245913.696554
Ga83,76081494.98927768
Ga84,1209737166.2144315
Ga85,36288.945636285316
Ga86,1223012.4447543477
Gd169,153.00458631782732
Ge83,118010106905.69354
Ge84,34711310500.91176
Ge85,1481169992.4378042
Ge86,76795439662.83086
Ge87,395290401.96843857
Ge88,4412687.792667962
I137,93400681839118.1
I138,11869723530480.352
I139,2281741951735.0986
I140,169487476660.53485
I141,22510141413.91016
I142,1672311964.473422
I143,7075502.9716671305
I144,389536.8175799025
I145,135.30177560470082
In127,69172735063.66444
In127_m1,29495372060.409363
In128,17999907191.783997
In128_m1,12171635720.894346
In129,24014830354.225895
In129_m1,40079159327.432625
In130,36267598511.60409
In130_m1,2180344424.705727
In130_m2,2180344424.705727
In131,3580159807.6564116
In131_m1,2502066602.8414035
In132,1657314770.4985147
In133,36277284.8035741
In134,624632.2477941101
In135,858.3013374370926
K48,9.385582284510328e-79
Kr100,10350.28093106096
Kr91,37091187283270.15
Kr92,3979695172447.388
Kr93,808136352921.8053
Kr94,23672188889.561756
Kr95,1053651502.7427698
Kr96,3889621517.896278
Kr97,2405738.405500407
Kr98,96582758.98285715
Kr99,42.62054126347822
La147,4633296140759.641
La148,580656651647.1187
La149,109231145141.69215
La150,11580184790.921461
La151,1028294803.1833216
La152,26276422.200017665
La153,624409.0071380837
La154,4280.007181298806
La155,6.981438038054805
Mn66,59.44557136311349
Mn67,32.51142253456744
Mn68,2.397663000855051
Mn69,0.1445437573763992
Mo109,10811099763.706373
Mo110,1504091035.633183
Mo111,58611100.45312594
Mo112,3560242.5680943998
Mo113,14328.37555472854
Mo114,452.58319643866207
Mo115,0.2801948164655546
N17,6.84278049653901e-191
N18,1.3791891358882751e-238
Na27,4.290749516842482e-174
Na28,4.473842279198648e-199
Nb103,3686933846947.885
Nb104,2318233124131.8384
Nb104_m1,344737256839.18994
Nb105,964585865950.9049
Nb106,18820658111.735115
Nb107,892564968.8994238
Nb108,22338839.541989736
Nb109,118232381.9882376
Nb110,3346115.575174038
Nb111,8231.765560569134
Nb112,220.95098496945212
Nb113,0.04974499082663426
Nd158,88872178.79042055
Nd159,1759531.1758749005
Nd160,38124.9486708679
Nd161,386.82284438908545
Ni72,15454254.62880927
Ni73,7723497.525179278
Ni74,4006739.755643302
Ni75,1180588.0168124638
Ni76,153623.90033551207
Ni77,4423.48991888962
Ni78,711.4040158949256
P36,5.642807530135843e-122
Pd119,516679478.99371463
Pd120,1743692418.157512
Pd121,17337265.762073275
Pd122,1073336.8458777696
Pd123,125177.64538010144
Pd124,13338.412488054537
Pd125,2.941027252251857e-11
Pm159,203690636.9764929
Pm160,15254296.616187377
Pm161,603338.8419924343
Pm162,2343.4729214180934
Pm163,46.80125046048242
Pr153,211357136498.61432
Pr154,15116811308.331968
Pr155,740032783.4344574
Pr156,38411493.681256875
Pr157,1268991.5960352146
Pr158,6471.186614139823
Pr159,66.19551072334008
Rb100,2279646695.3724637
Rb101,64814.55383547103
Rb102,70.02240529950183
Rb91,407835640561941.7
Rb92,27810233381419.934
Rb93,26561300644660.492
Rb94,5740688506308.666
Rb95,374936333900.74945
Rb96,53467693354.92904
Rb97,8298052780.22711
Rb98,556029208.3493192
Rb99,3257438.185690108
Rh115,4946368770.567748
Rh116,781253825.1117026
Rh117,264482544.23507392
Rh118,12438140.918723306
Rh119,409088.66713120765
Rh120,417969.88933484734
Rh121,2795.7295357142616
Rh122,39.57534403875132
Rh123,0.5356787453396885
Ru114,1158069893.7648768
Ru115,244508035.73340195
Ru116,6453804.920640443
Ru117,460045.8085575694
Ru118,10943.747631659418
Ru119,136.43079810192629
Ru120,58.04773620886476
Sb134,374653995880.6557
Sb134_m1,4608214457415.951
Sb135,313372382205.4719
Sb136,13657060020.378506
Sb137,43009778981.12349
Sb138,8468125.327252692
Sb139,228605.26732650143
Se86,22841177369904.926
Se87,5739768303218.04
Se88,671704638476.6249
Se89,25595221028.877296
Se90,2629349556.401842
Se91,231122040.210342
Sm163,308310.87623610365
Sm164,9523.630954279097
Sm165,250.4896577953388
Sn133,258548385984.65298
Sn134,23887463675.398125
Sn135,427261620.05651283
Sn136,5046617.479645598
Sn137,4543839.8743824875
Sr100,8221368206.821633
Sr101,680834724.3661706
Sr102,15347914.434967661
Sr103,179903.77267363534
Sr104,7242.631570440236
Sr105,1.884491912084886e-14
Sr96,5166908445910.858
Sr97,965142104762.7998
Sr98,681411629125.3507
Sr99,50093001152.470924
Tb169,10771.666279285635
Tb170,874.1016730532722
Tb171,18.771901481271165
Tc109,32409200987.388912
Tc110,18381540555.929302
Tc111,1759492660.4469743
Tc112,250432141.93516037
Tc113,28799734.47359003
Tc114,1352782.3334404395
Tc115,8466.919268241172
Tc116,730.1759883334796
Tc117,45.491348562999896
Tc118,0.049962149731420435
Te136,31102187279099.09
Te137,1256228089606.3733
Te138,119198346085.75803
Te139,2973173942.9184523
Te140,6610754324.8525305
Te141,8875986.53451083
Te142,532300.5845319724
Tl209,5.190035875069347e-22
Tl210,4.206418796986592e-29
Xe141,2790124695671.523
Xe142,691118448464.0918
Xe143,20423835382.583126
Xe144,8946224423.321766
Xe145,17307078.821280822
Xe146,5029092.655653096
Xe147,229268.9712877267
Y100,566017928124.5698
Y101,163399947943.92358
Y102,124123686032.97607
Y103,764430310.3846734
Y104,131482659.52551986
Y105,52.842485153295044
Y106,0.00042257576824219627
Y107,2.422489686660659e-05
Y108,5.671574243786977e-08
Y97,14750242864152.541
Y97_m1,2753715466754.8096
Y98,1350072080658.324
Y98_m1,2845014355699.4614
Y99,3957502943719.7046
Zn78,6750990007.122873
Zn79,2096833240.373736
Zn80,168036948.94145992
Zn81,0.25057966614807115
Zn82,722083.384832777
Zn83,3494.1480994779677
Zr103,837925232904.2899
Zr104,128573310627.18776
Zr105,89368615258.189
Zr106,583214.8320620396
Zr107,30044.45870451065
Zr108,31.886549187609532
Zr109,57956.6262154105
Zr110,1170.5701392611488
