,Nuclide,Pn,Pn err,lam,lam err
0,He8,0.16,0.01,5.805252768508754,0.07293031116217027
1,Li9,0.505,0.01,3.8897148179570444,0.008731121925829506
2,Li11,1.007,0.016401219466856725,80.7863846806463,3.0130120160614005
3,Be11,0.0,0.0,0.050447393053853366,0.00029372572374878237
4,Be12,0.005,0.0003,32.28445181928017,0.0601480238831489
5,Be14,0.96,0.07211102550927978,153.01262264016452,9.119957640804508
6,B13,0.00266,0.00035999999999999997,40.39319234032315,0.4237048147586344
7,B14,0.0604,0.0023,56.07986897734185,1.3157898061026811
8,B15,1.0043,0.01714322023425004,68.0891140039239,2.3409813262645742
9,B17,0.975,0.0462709412050371,136.446295385816,1.3429753482855904
10,B19,1.1785,0.19239867463160967,237.3791714246388,10.568250782603782
11,C16,0.9928,0.0012,0.9185623914125964,0.009738270780944568
12,C17,0.284,0.013000000000000001,3.6290428301567816,0.11400134544995126
13,C18,0.22,0.044000000000000004,7.534208484347231,0.16378714096407027
14,C19,0.61,0.0670820393249937,15.003185726405743,1.2989771191693285
15,C20,0.8460000000000001,0.23280034364235808,42.786862997527486,9.244075338971989
16,C22,0.985,0.3938591118661596,111.79793234837828,23.4415019440148
17,N17,0.951,0.006999999999999999,0.16618249354110412,0.00015936944957190517
18,N18,0.109,0.009000000000000001,1.119785429014451,0.0036180466204021045
19,N19,0.418,0.009000000000000001,2.0629380373807895,0.01841908961947133
20,N20,0.429,0.013999999999999999,5.096670445293715,0.11242655394030254
21,N21,0.865,0.042,8.17390543113143,0.645815641374771
22,N22,0.5800000000000001,0.0670820393249937,35.54600925948437,3.645744539434295
23,N23,0.636,0.109,49.68796993261256,4.808513219285087
24,O22,0.11,0.11,0.3080654135821979,0.012322616543287916
25,O23,0.07,0.02,7.145847222267477,0.5893482245169053
26,O24,0.41,0.06,9.627044174443686,0.6685447343363672
27,F22,0.055,0.055,0.16386458169265844,0.0015495468717981883
28,F23,0.07,0.07,0.31082833208966154,0.019513886319530323
29,F24,0.029500000000000002,0.029500000000000002,1.8145214150783908,0.07600089696663417
30,F25,0.195,0.05,9.241962407465937,1.2322616543287916
31,F26,0.135,0.04,84.53014397072502,9.277698728494208
32,F26_m1,0.021599999999999998,0.019534584715319648,315.0669002545206,14.321222738841847
33,F27,0.8,0.2,121.60476851928864,17.067335932531737
34,F29,0.6,0.4,259.60568560297577,20.418424710346407
35,Ne26,0.0013,0.0003,3.5546009259484372,0.036457445394342945
36,Ne27,0.02,0.005,23.984331507264542,0.9128984310723529
37,Ne28,0.194,0.01414213562373095,36.674453997880704,0.9702236507375848
38,Ne29,0.36000000000000004,0.07280109889280519,49.510512897138945,1.7682326034692482
39,Ne30,0.30400000000000005,0.057801384066473706,93.79528830310491,1.3961409625631314
40,Ne31,0.0,0.0,203.86681781174863,47.96866301452909
41,Ne32,0.0,0.0,198.04205158855578,50.925098979914345
42,Na27,0.0013,0.0004,2.3104906018664844,0.053911447376884636
43,Na28,0.0084,0.0017000000000000001,21.526309955277803,1.2033340968788835
44,Na29,0.25,0.016,15.897871113760212,0.36463007141651865
45,Na30,0.32539999999999997,0.05024937810560445,14.031319444533306,0.5680696131390003
46,Na31,0.3858,0.06019169377912537,39.83604485976697,0.9157711462015398
47,Na32,0.41600000000000004,0.09433981132056604,52.11632936540942,1.5674084019672005
48,Na33,0.73,0.08485281374238571,85.57372599505497,4.225863012101481
49,Na34,0.9,0.1118033988749895,138.62943611198907,24.953298500158027
50,Na35,0.0,0.0,385.0817669777474,106.96715749381873
51,Mg30,0.0003,0.0003,2.186584165804244,0.03448870923981457
52,Mg31,0.062,0.019,2.937064324406548,0.24890375630563966
53,Mg32,0.054000000000000006,0.005,8.059850936743551,0.4685959846943925
54,Mg33,0.14,0.02,7.753324167337196,0.08672622111115433
55,Mg34,0.58,0.12,34.657359027997266,17.328679513998633
56,Mg35,0.52,0.46,61.340458456632334,3.2570154932725126
57,Mg36,0.48,0.12,119.50813457930091,39.14921650011582
58,Mg37,0.0,0.0,86.64339756999316,43.321698784996585
59,Al31,0.008,0.008,1.0763154977638902,0.04178243391940567
60,Al32,0.006999999999999999,0.005,21.728751741691077,0.544921673772817
61,Al33,0.085,0.006999999999999999,16.622234545802044,0.07972294746188031
62,Al34,0.26,0.04,12.311672834102048,0.1312078810028637
63,Al35,0.38,0.02,18.434765440424076,0.6864008408668539
64,Al36,0.155,0.155,7.373906176169631,2.902494984236982
65,Al37,0.55,0.11,64.78011033270516,7.870480694627732
66,Al38,0.82,0.18,84.53014397072502,7.2159878999399405
67,Al39,0.87,0.13,91.20357638946649,19.200752924098207
68,Si35,0.0263,0.0263,0.8886502314871093,0.13671542022878605
69,Si36,0.124,0.046,1.5403270679109895,0.20537694238813192
70,Si37,0.17,0.13,7.373906176169631,4.8636402438565645
71,Si38,0.28,0.07,7.296286111157318,0.7680301169639283
72,Si39,0.6,0.13,14.592572222314637,0.6144240935711427
73,Si40,0.59,0.12,21.00446001696804,0.6364987883929708
74,Si41,0.8,0.2,34.657359027997266,4.332169878499658
75,Si42,0.0,0.0,55.45177444479562,15.526496844542772
76,P36,0.0,0.0,0.12160476851928864,0.00853366796626587
77,P37,0.0,0.0,0.3000637145281148,0.015587725430031939
78,P38,0.12,0.053,1.1363068533769596,0.2607917368406137
79,P39,0.26,0.08,3.3977802968624773,0.749510359602017
80,P40,0.158,0.021,4.651994500402318,0.31221439600015555
81,P41,0.3,0.1,6.862843371880646,0.33974472138023
82,P42,0.5,0.2,14.291694444534954,0.44201116838767895
83,P43,0.95,0.05,18.990333713971104,0.7804246731768947
84,P44,0.0,0.0,37.46741516540245,5.063164211540872
85,S41,0.0,0.0,0.2665950694461328,0.14355119124022533
86,S42,0.005,0.005,0.6729584277281022,0.019600730904702008
87,S43,0.4,0.1,2.5390006613917406,0.25110995552226006
88,S44,0.18,0.03,6.931471805599452,0.06931471805599453
89,S45,0.54,0.1,10.19334089058743,0.2998041438408068
90,S46,0.0,0.0,13.862943611198904,2.218070977791825
91,Cl43,0.0,0.0,0.21831407261730562,0.0061884304049000015
92,Cl44,0.04,0.04,1.0663802777845313,0.08202925213727164
93,Cl45,0.24,0.04,1.732867951399863,0.18628330477548524
94,Cl46,0.6,0.09,2.9877033644825226,0.025756063486918297
95,Cl47,0.015,0.015,6.862843371880646,0.40769366565627596
96,Ar47,0.001,0.001,0.5635342931381669,0.013744738857028461
97,Ar48,0.38,0.06,1.6347810862262862,0.09253477846563885
98,Ar49,0.29,0.06,2.937064324406548,0.09956150252225586
99,Ar50,0.37,0.07,6.539124344905145,0.3701391138625554
100,K48,0.011399999999999999,0.0015,0.10148567797363767,0.0002971762166138731
101,K49,0.86,0.09,0.5488101192081911,0.021726449691535674
102,K50,0.28600000000000003,0.03,1.468532162203274,0.012445187815281982
103,K51,0.65,0.08,1.8990333713971104,0.02601415577256316
104,K52,0.768,0.09319334740205441,6.301338005090412,0.2864244547768369
105,K53,0.85,0.14142135623730953,23.104906018664845,3.850817669777474
106,K54,0.0,0.0,69.31471805599453,34.657359027997266
107,Ca51,0.0,0.0,0.06931471805599453,0.005545177444479563
108,Ca52,0.01,0.01,0.15068416968694465,0.009827228457844216
109,Ca53,0.4,0.1,1.5035730597829615,0.2935392090682571
110,Ca54,0.0,0.0,6.4780110332705165,0.8475902286522172
111,Ca55,0.0,0.0,31.50669002545206,2.864244547768369
112,Ca56,0.0,0.0,63.01338005090412,11.456978191073476
113,Sc51,0.0,0.0,0.05589896617418914,0.0004507981143079769
114,Sc52,0.0,0.0,0.08453014397072504,0.0020617108285542695
115,Sc53,0.0,0.0,0.28881132523331055,0.07220283130832764
116,Sc54,0.16,0.09,1.3177703052470442,0.037579001100200876
117,Sc55,0.17,0.07,7.2202831308327635,0.1504225652256826
118,Sc56,0.0,0.0,22.359586469675655,3.606384914463815
119,Sc56_m1,0.24,0.12,10.045611312462974,1.0191199882208815
120,Sc57,0.0,0.0,31.50669002545206,2.864244547768369
121,Sc58,0.0,0.0,57.76226504666211,24.067610436109213
122,Ti56,0.0,0.0,3.465735902799726,0.08664339756999315
123,Ti57,0.0,0.0,7.072930413876993,0.36086379662637713
124,Ti58,0.0,0.0,11.95081345793009,1.8544365710581172
125,Ti59,0.0,0.0,24.32095370385773,2.1334169915664676
126,Ti60,0.0,0.0,31.222845971168706,2.812869006411595
127,Ti61,0.0,0.0,46.20981203732969,12.322616543287918
128,V56,0.0,0.0,3.2090147248145615,0.059426198607677075
129,V57,0.0,0.0,1.9975423070891796,0.057566060723031116
130,V58,0.0,0.0,3.648143055578659,0.19200752924098208
131,V59,0.06,0.03,7.534208484347231,0.7370421343383161
132,V60,0.0,0.0,17.328679513998633,6.498254817749487
133,V60_m1,0.0,0.0,5.681534266884798,0.8382591541305437
134,V61,0.2,0.1,14.350873303518535,0.2971195300935514
135,V62,0.0,0.0,20.690960613729708,1.2352812306704302
136,V63,0.67,0.33,35.36465206938497,1.804318983131886
137,V64,0.0,0.0,46.20981203732969,6.161308271643959
138,Cr60,0.0,0.0,1.4088357328454173,0.03722533440445208
139,Cr61,0.0,0.0,2.9621674382903644,0.1265883520636908
140,Cr62,0.0,0.0,3.465735902799726,0.20794415416798356
141,Cr63,0.0,0.0,5.373233957829033,0.08330595283455866
142,Cr64,0.0,0.0,16.15727693612926,0.37662650200767506
143,Cr65,0.0,0.0,24.755256448569472,2.6523489052038722
144,Cr66,0.0,0.0,30.136833937388925,5.2411885108502485
145,Mn61,0.0,0.0,0.9776405931734067,0.011031205564721092
146,Mn62,0.0,0.0,7.534208484347231,1.0646164162664566
147,Mn62_m1,0.0,0.0,1.0330062303426903,0.007697512893760733
148,Mn63,0.0,0.0,2.5114028281157434,0.05459571365469008
149,Mn64,0.027000000000000003,0.006,7.701635339554948,0.3422949039802199
150,Mn65,0.079,0.012,7.542406752556532,0.07386470160283873
151,Mn66,0.05,0.013999999999999999,10.847373717683025,0.18673100296480952
152,Mn67,0.0,0.0,14.747812352339261,1.255132966156533
153,Mn68,0.15,0.09,19.691681265907537,1.1188455264720192
154,Mn69,0.4,0.2,26.866169789145165,2.915708349209553
155,Mn70,0.5,0.2,34.83151661105253,2.975556695416547
156,Fe65,0.0,0.0,0.8610523982111121,0.010696303083367852
157,Fe65_m1,0.0,0.0,0.6188814112142368,0.082885903287621
158,Fe66,0.0,0.0,1.6157276936129261,0.10545542056214903
159,Fe67,0.0,0.0,1.754802988759355,0.039982852908440995
160,Fe68,0.0,0.0,3.6869530880848154,0.11766871557717495
161,Fe69,0.0,0.0,4.278686299752748,0.18488150677943976
162,Fe70,0.0,0.0,11.289042028663603,0.12870243355153943
163,Fe71,0.0,0.0,19.804205158855577,3.9608410317711154
164,Fe72,0.0,0.0,36.481430555786595,7.680301169639283
165,Fe73,0.0,0.0,53.73233957829033,6.664476226764692
166,Fe74,0.0,0.0,116.49532446385635,94.95837372263921
167,Co66,0.0,0.0,3.3164936868896904,0.30149942608088093
168,Co67,0.0,0.0,2.106830336048466,0.17930470945093327
169,Co67_m1,0.0,0.0,1.3974741543547284,0.09297711107602025
170,Co68,0.0,0.0,3.4831516611052526,0.525098240367626
171,Co68_m1,0.06,0.03,0.43321698784996576,0.08122818522186857
172,Co69,0.0,0.0,3.414518130837169,0.2859448680996644
173,Co69_m1,0.0,0.0,0.9241962407465937,0.3080654135821979
174,Co70,0.03,0.015,6.134045845663232,0.37998514088179314
175,Co70_m1,0.03,0.015,1.36446295385816,0.018801654875998264
176,Co71,0.188,0.08121576201698781,8.664339756999317,0.32491274088747435
177,Co72,0.074,0.03059411708155671,13.459168554562044,0.07840292361880803
178,Co72_m1,0.074,0.03059411708155671,14.50098704100304,0.1516839648640485
179,Co73,0.26,0.09848857801796104,17.030643257001113,0.5439763202481928
180,Co74,0.22999999999999998,0.1522366578718805,22.074750973246665,1.0545263203780255
181,Co75,0.08,0.08,26.15649737962058,1.184445164360177
182,Co76,0.0,0.0,30.806541358219793,7.804323810749014
183,Co76_m1,0.0,0.0,43.32169878499658,10.830424696249146
184,Co77,0.0,0.0,47.968663014529085,19.087876286058286
185,Ni72,0.0,0.0,0.43676570923752067,0.025594965947756412
186,Ni73,0.0,0.0,0.8232151788122866,0.02933070708357316
187,Ni74,0.0,0.0,1.3652692152057224,0.012369979101726065
188,Ni75,0.1,0.027999999999999997,2.0890511770944706,0.020147570122671207
189,Ni76,0.14,0.036000000000000004,2.9533326824028348,0.0339752801128575
190,Ni77,0.3,0.24,4.3690335994954,0.11428609793826605
191,Ni78,0.0,0.0,5.672235520130485,0.23672996033277802
192,Ni79,0.0,0.0,15.916123549022855,2.9420159487860844
193,Ni80,0.0,0.0,24.32095370385773,18.34738612747162
194,Cu73,0.00029,6e-05,0.16503504299046315,0.005894108678230827
195,Cu74,0.00075,0.00016,0.43375918683350767,0.00380014306362272
196,Cu75,0.027000000000000003,0.006,0.5662967161437462,0.0013879821474111426
197,Cu76,0.07200000000000001,0.005,1.0881431405964603,0.013665847919578781
198,Cu77,0.301,0.02,1.4754090688802581,0.006281009233206719
199,Cu78,0.51,0.1,2.08968097847436,0.01259982501341188
200,Cu79,0.66,0.12,2.872553587069811,0.024999430306036477
201,Cu80,0.58,0.09,6.117803888437293,0.345577624766096
202,Cu81,0.8,0.2,9.469223778141329,0.8796546679147681
203,Cu82,0.0,0.0,21.16479940641054,4.491461248077962
204,Zn78,0.0,0.0,0.47152869425846616,0.04811517288351696
205,Zn79,0.0175,0.0045000000000000005,0.9291517165682913,0.05231149074513168
206,Zn80,0.011000000000000001,0.0012,1.2335774702971087,0.006586105020272871
207,Zn81,0.18,0.04,2.3182179951837636,0.279116547915102
208,Zn82,0.69,0.07,3.8962742021357237,0.0547537127899905
209,Zn83,0.71,0.29,6.952328791975379,0.20919745612764432
210,Zn84,0.73,0.26,12.931850383581068,1.954253509459079
211,Ga79,0.00084,0.00029,0.24303898336603974,0.0008521703484082741
212,Ga80,0.0045000000000000005,0.0007000000000000001,0.364814305557866,0.01920075292409821
213,Ga80_m1,0.0045000000000000005,0.0007000000000000001,0.5331901388922656,0.08202925213727164
214,Ga81,0.125,0.008,0.5695539692357808,0.0018719933253435689
215,Ga82,0.22699999999999998,0.02,1.1533230957736196,0.0038380136298622946
216,Ga83,0.67,0.06,2.2359586469675654,0.0072127698289276305
217,Ga84,0.492,0.050159744815937816,7.280957778991022,0.1912016223474533
218,Ga85,0.8260000000000001,0.10007996802557444,7.542406752556532,0.09848626880378497
219,Ga86,1.014,0.08296987405076617,14.088357328454173,0.5726974523761859
220,Ga87,1.014,0.1324235628579748,23.90162691586018,3.296776126325542
221,Ge83,0.0,0.0,0.37467415165402446,0.01215159410769809
222,Ge84,0.106,0.006,0.7280957778991022,0.008412871383287945
223,Ge85,0.162,0.018000000000000002,1.3946623351306746,0.016836969840611768
224,Ge86,0.45,0.15,3.1222845971168707,0.3094155907052754
225,Ge87,0.0,0.0,6.716542447286291,0.2277897147819963
226,Ge88,0.0,0.0,11.400447048683311,1.143794851923819
227,As84,0.0028100000000000004,0.00037999999999999997,0.17199681899750502,0.002560746684826377
228,As85,0.625,0.01,0.3426333072466363,0.0011855823780160426
229,As86,0.345,0.009000000000000001,0.734266081101637,0.007778242384551239
230,As87,0.154,0.022000000000000002,1.4321222738841846,0.10356256112798856
231,As88,0.0,0.0,2.7182242374899817,1.5456569193570482
232,Se86,0.0,0.0,0.04915937450779754,0.000697296092309185
233,Se87,0.006,0.0012,0.12268091691326465,0.00260561239461801
234,Se88,0.009899999999999999,0.001,0.45903786792049356,0.018239915281609016
235,Se89,0.078,0.025,1.575334501272603,0.21481834108262768
236,Se90,0.0,0.0,3.3007008598092633,1.25740985135591
237,Se91,0.21,0.1,2.567211779851649,0.4754095888614165
238,Br87,0.0253,0.001,0.012457713525520225,3.358477765686617e-05
239,Br88,0.0672,0.0027,0.04255047148925386,0.0002089648691921614
240,Br89,0.13699999999999998,0.006,0.15978496555093252,0.0008103433015492198
241,Br90,0.256,0.015,0.36271438019882013,0.0018980344332748306
242,Br91,0.304,0.013999999999999999,1.2741676113234288,0.02342219873756303
243,Br92,0.331,0.025,2.075290959760315,0.08698824382228865
244,Br93,0.64,0.07,4.560178819473324,0.2400094115512276
245,Br94,0.3,0.1,9.902102579427789,2.829172165550797
246,Kr91,0.0,0.0,0.08088065117385593,0.0003775059564707394
247,Kr92,0.000332,2.6e-05,0.3765058014991555,0.0016360925649067052
248,Kr93,0.0199,0.002,0.539834252772543,0.005045179932453674
249,Kr94,0.0111,0.0007000000000000001,3.285057727772253,0.07784496985242305
250,Kr95,0.0287,0.0018,6.080238425964432,0.16000627436748505
251,Kr96,0.037000000000000005,0.004,8.664339756999317,0.7581297287374401
252,Kr97,0.067,0.006,11.161790347181084,0.7189558999794579
253,Kr98,0.07,0.01,16.119701873487102,1.499507151022056
254,Kr99,0.11,0.07,18.733707582701225,5.569480632694959
255,Kr100,0.0,0.0,63.01338005090412,40.09942366875717
256,Rb91,0.0,0.0,0.011971453895681265,4.1352172351230625e-05
257,Rb92,0.00010899999999999999,7e-06,0.15403270679109896,0.0006845898079604399
258,Rb93,0.016,0.001,0.11848669753161459,0.0006076240899057158
259,Rb94,0.1039,0.0022,0.25634141292897383,0.0014220122758633903
260,Rb95,0.08800000000000001,0.004,1.8337226998940352,0.009702236507375847
261,Rb96,0.141,0.008,3.438230062301316,0.01705471261062161
262,Rb97,0.249,0.015,4.101462606863581,0.02426900950806853
263,Rb98,0.07204,0.009001088823025803,6.027366787477785,0.31447131065101486
264,Rb98_m1,0.07204,0.009001088823025803,7.2202831308327635,0.22563384783852386
265,Rb99,0.191,0.023,11.992165753632271,0.18672922453752672
266,Rb100,0.059,0.012041594578792296,13.59112118744991,0.5329851446058788
267,Rb101,0.28,0.05,22.00467239872842,3.143524628389774
268,Rb102,0.18,0.08,18.733707582701225,2.531582105770436
269,Rb103,0.0,0.0,27.72588722239781,12.199390377855034
270,Sr96,0.0,0.0,0.6484070912628114,0.007885212522372823
271,Sr97,0.0003,0.0002,1.6157276936129261,0.018831325100383756
272,Sr98,0.0023,0.0003,1.061481134088737,0.0032510907629057797
273,Sr99,0.00096,0.00016,2.576755318066711,0.01915803210458521
274,Sr100,0.0111,0.0021,3.453648134329573,0.022370416415687322
275,Sr101,0.0252,0.0025,6.027366787477785,0.052411885108502476
276,Sr102,0.055,0.02,9.627044174443686,1.0696715749381873
277,Sr103,0.0,0.0,13.07824868981029,2.467594092417036
278,Sr104,0.0,0.0,13.07824868981029,1.233797046208518
279,Sr105,0.0,0.0,17.773004629742186,2.278590337146434
280,Sr106,0.0,0.0,33.81205758829001,12.370264971325614
281,Y97,0.00057594,9.93e-05,0.18533347073795328,0.0024777201970314607
282,Y97_m1,0.0003972,0.0003972,0.5924334876580729,0.015190602247642897
283,Y97_m2,0.0,0.0,5.022805656231487,0.5459571365469007
284,Y98,0.0033,0.0003,1.264867117810119,0.004616303349671966
285,Y98_m1,0.03096,0.009216078341680914,0.2987703364482523,0.01030242539476732
286,Y99,0.0197,0.003,0.46897644151552453,0.0022211333495322544
287,Y100,0.0051,0.0006,0.9469223778141329,0.006468049028785061
288,Y100_m1,0.0051,0.0006,0.7373906176169631,0.02353374311543499
289,Y101,0.019799999999999998,0.002,1.6045073624072808,0.0445696489557578
290,Y102_m1,0.06,0.017,1.7503716680806698,0.1591246970982427
291,Y102,0.04,0.015,2.3104906018664844,0.07701635339554948
292,Y103,0.081,0.02,2.937064324406548,0.19912300504451172
293,Y104,0.34,0.1,3.2695621724525723,0.3084492615521295
294,Y105,0.41,0.41,6.570115455544506,0.4670698191145383
295,Y106,0.0,0.0,8.202925213727163,0.7280702852420559
296,Y107,0.0,0.0,20.690960613729708,1.8529218460056454
297,Y108,0.0,0.0,23.104906018664845,3.850817669777474
298,Y109,0.0,0.0,27.72588722239781,5.545177444479561
299,Zr103,0.005,0.005,0.5022805656231488,0.02620594255425124
300,Zr104,0.005,0.005,0.7534208484347231,0.022930199734969833
301,Zr105,0.01,0.01,1.04076153237229,0.04375574009973592
302,Zr106,0.035,0.035,3.9608410317711162,0.15843364127084467
303,Zr107,0.115,0.115,4.620981203732969,0.09241962407465938
304,Zr108,0.0,0.0,8.829900389298666,0.22496561501397874
305,Zr109,0.0,0.0,12.377628224284736,0.6630872263009681
306,Zr110,0.0,0.0,18.483924814931875,0.9858093234630334
307,Zr111,0.0,0.0,28.881132523331054,6.016902609027303
308,Zr112,0.0,0.0,17.328679513998633,8.664339756999317
309,Nb103,0.0,0.0,0.5096670445293715,0.02623286258607059
310,Nb104,0.0006,0.0003,0.14145860827753984,0.011547641492044068
311,Nb104_m1,0.0005,0.0003,0.7072930413876993,0.05052093152769281
312,Nb105,0.017,0.009000000000000001,0.23819490740891588,0.005729774405025468
313,Nb106,0.045,0.003,0.6394346684132336,0.012387571989555264
314,Nb107,0.07400000000000001,0.01,2.415146970592144,0.09256660862896719
315,Nb108,0.063,0.005,3.6101415654163818,0.11281692391926193
316,Nb109,0.31,0.05,6.134045845663232,0.5971195070999606
317,Nb110,0.2,0.08,9.241962407465937,0.12322616543287918
318,Nb110_m1,0.2,0.08,7.373906176169631,0.7060122934630496
319,Nb111,0.0,0.0,12.836058899258246,0.4754095888614166
320,Nb112,0.0,0.0,18.240715277893297,0.9600376462049104
321,Nb113,0.0,0.0,21.66084939249829,2.7076061740622865
322,Nb114,0.0,0.0,40.77336356234972,11.992165753632271
323,Nb115,0.0,0.0,30.136833937388925,10.482377021700497
324,Mo109,0.013000000000000001,0.006,1.0016577753756435,0.037634540693304526
325,Mo110,0.02,0.006999999999999999,2.415146970592144,0.08415146238997018
326,Mo111,0.06,0.06,3.7265977449459426,0.18031924572319075
327,Mo111_m1,0.0,0.0,3.465735902799726,1.732867951399863
328,Mo112,0.0,0.0,5.545177444479562,0.2218070977791825
329,Mo113,0.0,0.0,8.664339756999317,0.2166084939249829
330,Mo114,0.0,0.0,11.95081345793009,0.41209701579069274
331,Mo115,0.0,0.0,15.234003968350446,0.6696265480593603
332,Mo116,0.0,0.0,21.66084939249829,2.7076061740622865
333,Mo117,0.0,0.0,31.50669002545206,7.160611369420923
334,Mo118,0.0,0.0,33.81205758829001,9.071527645638783
335,Tc109,0.0008,0.0002,0.7788170568089273,0.061255274131039227
336,Tc110,0.0004,0.0002,0.7608640840394569,0.011692752114766627
337,Tc111,0.0085,0.002,2.357643471292331,0.16038390961172322
338,Tc112,0.017,0.004,2.272613706753919,0.0745119248116039
339,Tc113,0.021,0.003,4.560178819473324,0.2400094115512276
340,Tc114,0.006500000000000001,0.004,7.701635339554948,1.7114745199010994
341,Tc114_m1,0.006500000000000001,0.004,6.931471805599452,1.3862943611198904
342,Tc115,0.19,0.05,8.886502314871093,0.22785903371464344
343,Tc116,0.17,0.07,12.160476851928864,0.6400250974699402
344,Tc117,0.0,0.0,15.576341136178547,1.0500904136749583
345,Tc118,0.0,0.0,23.104906018664845,3.0806541358219794
346,Tc119,0.0,0.0,31.50669002545206,4.296366821652554
347,Tc120,0.0,0.0,33.00700859809263,7.858811570974435
348,Tc121,0.0,0.0,31.50669002545206,8.592733643305108
349,Ru114,0.0,0.0,1.2765141446776156,0.11754273892059075
350,Ru115,0.0,0.0,2.1797081149683812,0.13023413265534353
351,Ru115_m1,0.0,0.0,9.120357638946649,0.7200282346536828
352,Ru116,0.004,0.004,3.414518130837169,0.10092171815282273
353,Ru117,0.024,0.01,4.560178819473324,0.09000352933171035
354,Ru118,0.023,0.023,7.001486672322679,0.21216626279765693
355,Ru119,0.06,0.05,10.016577753756435,0.2894964668715733
356,Ru120,0.06,0.03,15.403270679109896,0.6845898079604398
357,Ru121,0.13,0.04,23.104906018664845,2.3104906018664844
358,Ru122,0.0,0.0,27.72588722239781,1.1090354888959124
359,Ru123,0.0,0.0,36.481430555786595,3.8401505848196416
360,Ru124,0.0,0.0,46.20981203732969,9.241962407465937
361,Rh115,0.0,0.0,0.6729584277281022,0.019600730904702008
362,Rh116,0.00525,0.00525,1.0045611312462976,0.07279428487292013
363,Rh116_m1,0.00525,0.00525,1.2160476851928865,0.10667084957832339
364,Rh117,0.038,0.038,1.6503504299046317,0.15717623141948875
365,Rh118,0.021,0.009000000000000001,2.4235915404193893,0.08474096295172691
366,Rh119,0.034,0.009000000000000001,3.6674453997880705,0.11642683808851016
367,Rh120,0.07200000000000001,0.016,5.2116329365409415,0.19592605024590004
368,Rh121,0.134,0.008,9.495166856985552,0.2601415577256316
369,Rh122,0.113,0.006999999999999999,13.253292171318266,0.38011354219842064
370,Rh123,0.242,0.013999999999999999,16.42528863886126,0.7006047286718073
371,Rh124,0.28,0.05,22.00467239872842,1.6066903656214402
372,Rh125,0.0,0.0,26.15649737962058,1.9740752739336285
373,Rh126,0.0,0.0,36.481430555786595,5.7602258772294626
374,Rh127,0.0,0.0,26.15649737962058,13.325008099051992
375,Pd119,0.0,0.0,0.7534208484347231,0.09008292753023862
376,Pd120,0.0,0.0,1.4088357328454173,0.09449507964207068
377,Pd121,0.0085,0.0085,2.3901626915860184,0.008241940315813857
378,Pd122,0.011000000000000001,0.011000000000000001,3.5546009259484372,0.09114361348585737
379,Pd123,0.013999999999999999,0.003,6.244569194233741,0.1687721403846957
380,Pd124,0.0089,0.002,7.373906176169631,0.2353374311543499
381,Pd125,0.037000000000000005,0.004,10.813528557877461,0.2867862488048624
382,Pd126,0.049,0.009000000000000001,14.203835667211992,0.23284976503626217
383,Pd127,0.09,0.03,18.240715277893297,0.9600376462049104
384,Pd128,0.1,0.07,19.25408834888737,2.6741789373454687
385,Pd129,0.0,0.0,22.359586469675655,5.048938880249342
386,Ag120,5e-06,5e-06,0.7373906176169631,0.07844581038478332
387,Ag120_m1,5e-06,5e-06,0.4560178819473324,0.021000823510732416
388,Ag120_m2,3.1500000000000003e-06,3.1500000000000003e-06,1.575334501272603,0.17901528423552307
389,Ag121,0.0008,0.00013,0.8920813134619631,0.013777317582424137
390,Ag122,0.0009281399999999999,5.988e-05,1.310297127712562,0.04706171158135855
391,Ag122_m1,0.0009299999999999999,6e-05,3.465735902799726,0.8664339756999315
392,Ag123,0.0085,0.0015,2.3104906018664844,0.06161308271643959
393,Ag124,0.0115,0.011000000000000001,3.6290428301567816,0.5320062787664392
394,Ag124_m1,0.006500000000000001,0.009000000000000001,4.813522087221843,0.6685447343363672
395,Ag125,0.012,0.002,3.9383362531815074,0.06713073158832115
396,Ag125_m1,0.046,0.01,4.3594162299367625,0.5757719548973084
397,Ag126,0.0,0.0,13.32975347230664,2.5634141292897388
398,Ag126_m1,0.038,0.002,6.755820473293814,0.09218468482077329
399,Ag127,0.055,0.002,7.779429635914089,0.07858009733246554
400,Ag127_m1,0.0,0.0,10.268847119406596,0.13691796159208794
401,Ag128,0.09300000000000001,0.005,10.518166624581871,0.38305917904395276
402,Ag129,0.179,0.013999999999999999,13.32975347230664,0.7690242387869216
403,Ag129_m1,0.0,0.0,4.387007471898388,1.6659522045183752
404,Ag130,0.0,0.0,16.906028794145005,2.061710828554269
405,Ag131,0.0,0.0,19.804205158855577,4.526675464881275
406,Ag132,0.0,0.0,28.29172165550797,9.815495268237457
407,Cd126,0.0,0.0,1.3485353707391932,0.023612487036289376
408,Cd127,0.0,0.0,1.4747812352339262,0.3137832415391333
409,Cd127_m1,0.006,0.006,1.925408834888737,0.21393431498763743
410,Cd128,0.0095,0.0095,2.8165265362045724,0.02403374939467534
411,Cd129,0.0184,0.0015,4.590378679204936,0.12159943521072679
412,Cd129_m1,0.0,0.0,4.560178819473324,0.2400094115512276
413,Cd130,0.03,0.002,5.385758978709753,0.09624899495751695
414,Cd131,0.035,0.01,8.351170850119821,1.5092477439975582
415,Cd132,0.6,0.15,8.251752149523158,0.4911757231859022
416,Cd133,0.0,0.0,10.830424696249144,1.3538030870311433
417,Cd134,0.0,0.0,10.663802777845312,2.4608775641181486
418,In127,0.00015,0.00015,0.637669899319177,0.0064529612626595635
419,In127_m1,0.006999999999999999,0.0006,0.19158296864564547,0.001694487284870275
420,In127_m2,0.0,0.0,0.666487673615332,0.06408535323224346
421,In128,0.00019199999999999998,3.6e-05,0.8251752149523158,0.05894108678230828
422,In128_m1,0.00019199999999999998,3.6e-05,0.9627044174443685,0.1337089468672734
423,In129,0.0023,0.001,1.1419228674793167,0.011287540699960298
424,In129_m1,0.035393499999999994,0.0061814,0.5949761206523135,0.00510709116439754
425,In129_m2,0.0,0.0,1.1179793234837827,0.05409577371695722
426,In129negm,0.0,0.0,8.154672712469944,1.4390598904358722
427,In130,0.012,0.0029,2.5205352020361644,0.07332466042287024
428,In130_m1,0.00975,0.0015,1.2956022066541033,0.01453011820546658
429,In130_m2,0.00975,0.0015,1.2956022066541033,0.01453011820546658
430,In131,0.011049999999999999,0.0027,2.6058164682704708,0.07837042009836001
431,In131_m1,0.011049999999999999,0.0027,2.100446001696804,0.09547481825894562
432,In131_m2,0.11879999999999999,0.0693,2.166084939249829,0.40614092610934294
433,In132,0.12300000000000001,0.004,3.4433541011423014,0.020526701050028618
434,In133,0.9,0.03,4.278686299752748,0.0528232876512685
435,In133_m1,0.93,0.03,4.15058191952063,0.2733916234414786
436,In134,1.07,0.05,5.728489095536738,0.2840573105224829
437,In135,0.0,0.0,7.145847222267477,0.3683426403230658
438,In136,0.0,0.0,8.059850936743551,0.8434727724499064
439,In137,0.0,0.0,9.902102579427789,4.951051289713895
440,Sn133,0.000294,2.3999999999999997e-05,0.4881318172957361,0.020625288054749412
441,Sn134,0.17,0.13,0.7684558542793185,0.02385450545434692
442,Sn135,0.21,0.03,1.3433084894572582,0.013016555130399789
443,Sn136,0.27,0.04,1.9200752924098208,0.026593840615094472
444,Sn137,0.5,0.1,3.1364125817192092,0.24126250628609305
445,Sn138,0.0,0.0,4.683426895675306,0.3797373158655654
446,Sn139,0.0,0.0,5.776226504666211,2.358625822738703
447,Sb134,0.0,0.0,1.0268847119406597,0.007606553421782664
448,Sb134_m1,0.0008799999999999999,3.6e-05,0.06952328791975379,0.0006973248537588143
449,Sb135,0.2,0.028999999999999998,0.41555586364505115,0.0024913421081837602
450,Sb136,0.2518,0.07300246571178264,0.750159286320287,0.011366049792731621
451,Sb137,0.49,0.08,1.369856088063133,0.06768063676201251
452,Sb138,0.72,0.08,2.1526309955277805,0.04679632598973435
453,Sb139,0.9,0.1,3.8085009920876116,0.18833246664169506
454,Sb140,0.382,0.06403124237432849,4.077336356234972,0.16789032055085176
455,Sb141,0.0,0.0,6.729584277281022,1.8947373207878608
456,Sb142,0.0,0.0,9.627044174443686,6.685447343363672
457,Te136,0.0137,0.0005,0.039227344683641495,0.00019979971825284288
458,Te137,0.0291,0.0016,0.2772588722239781,0.005545177444479563
459,Te138,0.0482,0.0023,0.4747583428492776,0.10405662309025264
460,Te139,0.0,0.0,0.9573856085082117,0.10711082084138834
461,Te140,0.0,0.0,1.9747782921935764,0.028130744903042404
462,Te141,0.0,0.0,3.5914361687043797,0.29773564092886046
463,Te142,0.0,0.0,4.715286942584662,0.25661425537875715
464,Te143,0.0,0.0,5.776226504666211,0.38508176697774743
465,Te144,0.0,0.0,7.453195489891885,4.808513219285087
466,I137,0.07629999999999999,0.0014000000000000002,0.0281881732639262,0.0001146326688244254
467,I138,0.053,0.0021,0.11088580716044556,0.0005499056186168312
468,I139,0.0974,0.0033,0.30401192129822163,0.0014667241817019464
469,I140,0.0788,0.0043,1.1748257297626192,0.03185968080712188
470,I141,0.212,0.03,1.6503504299046317,0.03143524628389775
471,I142,0.0,0.0,2.9495624704678525,0.1380646262772186
472,I143,0.0,0.0,3.8085009920876116,0.16740663701484007
473,I144,0.0,0.0,7.373906176169631,0.6275664830782665
474,I145,0.0,0.0,7.727393317279211,0.8011678690155702
475,I146,0.0,0.0,7.373906176169631,2.0395910700043656
476,Xe141,0.000433,2.7000000000000002e-05,0.4011268406018202,0.003017736648046101
477,Xe142,0.0036,0.0007000000000000001,0.5672235520130485,0.009283527856187374
478,Xe143,0.01,0.0015,1.3564524081407932,0.015927034146467237
479,Xe144,0.03,0.003,1.7864618055668693,0.032229981028268254
480,Xe145,0.05,0.006,3.6869530880848154,0.07844581038478331
481,Xe146,0.069,0.015,4.747583428492776,0.19510616829422367
482,Xe147,0.04,0.04,7.788170568089273,1.2251054826207848
483,Xe148,0.0,0.0,8.154672712469944,1.4390598904358722
484,Cs141,0.000342,1.4e-05,0.02782606104214955,6.702383229742966e-05
485,Cs142,0.000916,3.8e-05,0.4108756257023979,0.003409756229895418
486,Cs143,0.01582,0.00025,0.3861544181392453,0.0019361502859349346
487,Cs144,0.0298,0.0011,0.7008566031950912,0.003543258863473667
488,Cs144_m1,0.0,0.0,1.3862943611198906,1.3862943611198906
489,Cs145,0.135,0.006,1.1909745370445797,0.012278088010768864
490,Cs146,0.14300000000000002,0.008,2.1546384226296094,0.006697663732140533
491,Cs147,0.285,0.02,3.020249152766646,0.013160127027305646
492,Cs148,0.29,0.045,4.587340705227963,0.0364315608621678
493,Cs149,0.25,0.04,6.4780110332705165,0.3632529551366645
494,Cs150,0.2,0.1,8.557372599505497,0.316939725907611
495,Cs151,0.0,0.0,11.748257297626193,5.177198131157304
496,Ba147,0.00066,0.00045,0.7753324167337196,0.006070835477780802
497,Ba148,0.0039000000000000003,0.0033,1.1234152035007217,0.032773863311204195
498,Ba149,0.022000000000000002,0.017,1.9691681265907537,0.03356536579416058
499,Ba150,0.0,0.0,2.6866169789145165,0.052066220521599156
500,Ba151,0.0,0.0,4.15058191952063,0.12426891974612664
501,Ba152,0.0,0.0,4.951051289713894,0.2829172165550797
502,Ba153,0.0,0.0,6.134045845663232,2.8227467608361776
503,Ba154,0.0,0.0,13.07824868981029,11.844451643601772
504,La147,0.00043,4e-05,0.17018099203534132,0.0009610024102167568
505,La148,0.0019,0.0005,0.5172740153432427,0.027021776920915664
506,La149,0.0141,0.0034000000000000002,0.6353319711823513,0.01979952980769931
507,La150,0.0269,0.0034000000000000002,1.3591121187449908,0.05329851446058787
508,La151,0.0,0.0,1.4970781437579812,0.07760232278659081
509,La152,0.0,0.0,2.394290779136253,0.11992129981856883
510,La153,0.0,0.0,2.8291721655507973,0.20785754685679325
511,La154,0.0,0.0,4.305261991055561,0.4011113656262944
512,La155,0.0,0.0,6.862843371880646,1.9025704397292877
513,La156,0.0,0.0,8.251752149523158,7.6623412817000744
514,Ce153,0.0,0.0,0.8013262203005148,0.02315971734972586
515,Ce154,0.0,0.0,0.9600376462049104,0.01861568843056613
516,Ce155,0.0,0.0,2.2145277334183557,0.049526179341624565
517,Ce156,0.0,0.0,2.9748806032615676,0.11490955119894465
518,Ce157,0.0,0.0,3.9608410317711162,0.9279684703006615
519,Ce158,0.0,0.0,7.001486672322679,6.5771541467273655
520,Pr153,0.0,0.0,0.1615727693612926,0.004142891522084425
521,Pr154,0.0,0.0,0.3013683393738893,0.013102971277125623
522,Pr155,0.0,0.0,0.47152869425846616,0.00962303457670339
523,Pr156,0.0,0.0,1.5611422985584353,0.021096517548086963
524,Pr157,0.0,0.0,2.280089409736662,0.15000588221951724
525,Pr158,0.0,0.0,3.829542434032847,0.2962077020798887
526,Pr159,0.0,0.0,5.172740153432427,1.6599091537133905
527,Pr160,0.0,0.0,4.077336356234972,3.3578064110170356
528,Nd158,0.0,0.0,0.8562658190981411,0.02697316663002174
529,Nd159,0.0,0.0,1.4017132063901825,0.08362090917797853
530,Nd160,0.0,0.0,1.5789229625511283,0.13307551165009507
531,Nd161,0.0,0.0,3.22394037469742,1.1396254347767625
532,Nd162,0.0,0.0,2.2359586469675654,1.4425539657855262
533,Pm159,0.0,0.0,0.4651994500402317,0.056198591280028
534,Pm160,0.0,0.0,0.9560650766344073,0.07516649568022236
535,Pm161,0.0,0.0,0.6601401719618526,0.09430573885169323
536,Pm162,0.0,0.0,1.100233619936421,0.3143524628389774
537,Pm163,0.0,0.0,1.61197018734871,1.3120687571442988
538,Sm163,0.0,0.0,0.5545177444479562,0.21737095582359886
539,Sm164,0.0,0.0,0.48471830808387784,0.08135132443365783
540,Sm165,0.0,0.0,0.7072930413876993,0.15156279458307842
541,Sm166,0.0,0.0,0.8664339756999315,0.682316755863696
542,Eu165,0.0,0.0,0.2739712176126266,0.028155144892997204
543,Eu166,0.0,0.0,0.5394141482956774,0.04827441794085829
544,Eu167,0.0,0.0,0.5211632936540942,0.1998445712508181
545,Eu168,0.0,0.0,3.465735902799726,1.732867951399863
546,Gd169,0.0,0.0,0.9241962407465937,0.2587749474090462
547,Gd170,0.0,0.0,1.8483924814931874,0.8625831580301541
548,Tb169,0.0,0.0,0.13511640946587627,0.008428314040756415
549,Tb170,0.0,0.0,0.7220283130832764,0.05866480043801621
550,Tb171,0.0,0.0,0.5612527777813322,0.043173290598564014
551,Tb172,0.0,0.0,0.9120357638946648,0.22800894097366622
552,Ho174,0.0,0.0,0.21660849392498288,0.07445916978671287
553,Ta192,0.0,0.0,0.31506690025452055,0.1002485591718929
554,Au206,0.0,0.0,0.014747812352339261,0.004706748623086999
555,Hg209,0.0,0.0,0.11552453009332421,0.01925408834888737
556,Hg210,0.022000000000000002,0.022000000000000002,0.010830424696249145,0.0020307046305467146
557,Hg211,0.063,0.063,0.02625557502121005,0.008055687790598539
558,Tl209,0.0,0.0,0.005343410272586689,1.7300588301622024e-05
559,Tl210,8.5e-05,5.4999999999999995e-05,0.008886502314871094,0.00020507313034317907
560,Tl211,0.022000000000000002,0.022000000000000002,0.008664339756999316,0.0019494764453248463
561,Tl212,0.018000000000000002,0.018000000000000002,0.02038668178117486,0.007794907739860977
562,Tl213,0.076,0.034,0.028407671334423987,0.00512269483079777
563,Tl214,0.34,0.12,0.06301338005090412,0.01374837382928817
564,Tl215,0.046,0.046,0.07145847222267478,0.027994040664553004
565,Tl216,0.0575,0.0575,0.11748257297626191,0.06571059166468886
566,Bi219,0.0,0.0,0.06539124344905145,0.028994230585900168
567,Bi220,0.0,0.0,0.07296286111157319,0.04377771666694392
568,Fr233,0.0,0.0,0.7701635339554948,0.08557372599505497
